price,resid_area,air_qual,room_num,age,distance,teachers,poor_prop,airport,n_hos_beds,n_hot_rooms,waterbody,rainfall,bus_ter,Sold
24,32.31,0.538,6.575,65.2,4.35,24.7,4.98,YES,5.48,11.192,River,23,YES,0
21.6,37.07,0.469,6.421,78.9,4.99,22.2,9.14,NO,7.332,12.1728,Lake,42,YES,1
34.7,37.07,0.469,7.185,61.1,5.03,22.2,4.03,NO,7.394,101.12,None,38,YES,0
33.4,32.18,0.458,6.998,45.8,6.21,21.3,2.94,YES,9.268,11.2672,Lake,45,YES,0
36.2,32.18,0.458,7.147,54.2,6.16,21.3,5.33,NO,8.824,11.2896,Lake,55,YES,0
28.7,32.18,0.458,6.43,58.7,6.22,21.3,5.21,YES,7.174,14.2296,None,53,YES,1
22.9,37.87,0.524,6.012,66.6,5.87,24.8,12.43,YES,6.958,12.1832,River,41,YES,1
22.1,37.87,0.524,6.172,96.1,6.04,24.8,19.15,NO,5.842,12.1768,Lake,56,YES,1
16.5,37.87,0.524,5.631,100,6.18,24.8,29.93,YES,5.93,12.132,None,55,YES,0
18.9,37.87,0.524,6.004,85.9,6.67,24.8,17.1,YES,9.478,14.1512,River,45,YES,0
15,37.87,0.524,6.377,94.3,6.65,24.8,20.45,NO,6,11.12,Lake,29,YES,1
18.9,37.87,0.524,6.009,82.9,6.27,24.8,13.27,NO,9.278,13.1512,Lake and River,23,YES,1
21.7,37.87,0.524,5.889,39,5.76,24.8,15.71,YES,5.534,10.1736,Lake and River,57,YES,1
20.4,38.14,0.538,5.949,61.8,4.72,19,8.26,YES,5.908,14.1632,None,39,YES,0
18.2,38.14,0.538,6.096,84.5,4.6,19,10.26,NO,6.964,13.1456,None,49,YES,0
19.9,38.14,0.538,5.834,56.5,4.6,19,8.47,YES,8.498,14.1592,River,28,YES,0
23.1,38.14,0.538,5.935,29.3,4.66,19,6.58,NO,5.462,10.1848,None,46,YES,0
17.5,38.14,0.538,5.99,81.7,4.56,19,14.67,NO,5.45,11.14,Lake,56,YES,1
20.2,38.14,0.538,5.456,36.6,3.8,19,11.69,YES,8.504,12.1616,Lake and River,41,YES,0
18.2,38.14,0.538,5.727,69.5,3.98,19,11.28,NO,8.564,12.1456,Lake and River,27,YES,1
13.6,38.14,0.538,5.57,98.1,3.93,19,21.02,YES,8.272,15.1088,Lake and River,44,YES,0
19.6,38.14,0.538,5.965,89.2,4.11,19,13.83,YES,9.192,14.1568,None,23,YES,0
15.2,38.14,0.538,6.142,91.7,4.18,19,18.72,YES,5.804,14.1216,River,48,YES,1
14.5,38.14,0.538,5.813,100,4.35,19,19.88,YES,7.49,13.116,Lake,29,YES,0
15.6,38.14,0.538,5.924,94.1,4.69,19,16.3,YES,8.212,13.1248,Lake,27,YES,1
13.9,38.14,0.538,5.599,85.7,4.69,19,16.51,YES,9.378,13.1112,River,35,YES,0
16.6,38.14,0.538,5.813,90.3,4.94,19,14.81,NO,9.732,12.1328,Lake,59,YES,1
14.8,38.14,0.538,6.047,88.8,4.5,19,17.28,YES,8.696,13.1184,Lake,20,YES,1
18.4,38.14,0.538,6.495,94.4,4.57,19,12.8,YES,5.968,15.1472,River,35,YES,1
21,38.14,0.538,6.674,87.3,4.53,19,11.98,NO,9.02,12.168,River,50,YES,0
12.7,38.14,0.538,5.713,94.1,4.52,19,22.6,NO,9.854,12.1016,Lake,34,YES,0
14.5,38.14,0.538,6.072,100,4.39,19,13.04,YES,9.29,12.116,None,23,YES,1
13.2,38.14,0.538,5.95,82,4.01,19,27.71,NO,8.764,14.1056,River,25,YES,0
13.1,38.14,0.538,5.701,95,3.8,19,18.35,YES,8.362,15.1048,None,25,YES,1
13.5,38.14,0.538,6.096,96.9,4.07,19,20.34,YES,9.67,11.108,None,40,YES,0
18.9,35.96,0.499,5.933,68.2,3.69,20.8,9.68,YES,9.478,11.1512,River,43,YES,1
20,35.96,0.499,5.841,61.4,3.39,20.8,11.41,NO,7.5,15.16,None,39,YES,0
21,35.96,0.499,5.85,41.5,3.98,20.8,8.77,YES,8.12,10.168,River,21,YES,0
24.2,35.96,0.499,5.966,30.2,4.15,20.8,10.13,YES,8.184,10.1936,River,21,YES,1
30.8,32.95,0.428,6.595,21.8,5.65,21.7,4.32,YES,6.916,12.2464,River,49,YES,1
34.9,32.95,0.428,7.024,15.8,5.63,21.7,1.98,YES,6.198,15.2792,River,20,YES,1
26.6,36.91,0.448,6.77,2.9,5.77,22.1,4.84,NO,7.732,13.2128,Lake and River,30,YES,1
25.3,36.91,0.448,6.169,6.6,5.93,22.1,5.81,NO,8.106,15.2024,River,52,YES,1
24.7,36.91,0.448,6.211,6.5,6.04,22.1,7.44,YES,6.094,15.1976,River,56,YES,1
21.2,36.91,0.448,6.069,40,5.81,22.1,9.55,NO,9.024,12.1696,River,53,YES,0
19.3,36.91,0.448,5.682,33.8,5.23,22.1,10.21,NO,8.086,11.1544,River,21,YES,0
20,36.91,0.448,5.786,33.3,5.25,22.1,14.15,YES,9.3,12.16,Lake,39,YES,0
16.6,36.91,0.448,6.03,85.5,5.83,22.1,18.8,YES,5.332,12.1328,River,44,YES,0
14.4,36.91,0.448,5.399,95.3,5.98,22.1,30.81,NO,7.088,14.1152,None,34,YES,0
19.4,36.91,0.448,5.602,62,6.11,22.1,16.2,NO,5.988,13.1552,Lake and River,45,YES,0
19.7,35.64,0.439,5.963,45.7,7.08,23.2,13.45,YES,,11.1576,River,21,YES,1
20.5,35.64,0.439,6.115,63,7.04,23.2,9.43,YES,7.01,11.164,Lake,30,YES,1
25,35.64,0.439,6.511,21.1,7.02,23.2,5.28,NO,9.9,14.2,River,56,YES,1
23.4,35.64,0.439,5.998,21.4,6.89,23.2,8.43,NO,9.168,11.1872,River,41,YES,1
18.9,34,0.41,5.888,47.6,7.4,18.9,14.8,YES,8.678,15.1512,None,55,YES,0
35.4,31.22,0.403,7.249,21.9,8.9,22.1,4.81,YES,7.508,13.2832,River,50,YES,0
24.7,30.74,0.41,6.383,35.7,9.32,22.7,5.77,YES,5.794,15.1976,Lake,22,YES,0
31.6,31.32,0.411,6.816,40.5,8.63,24.9,3.95,YES,7.432,15.2528,Lake,45,YES,0
23.3,35.13,0.453,6.145,29.2,7.98,20.3,6.86,NO,7.866,14.1864,None,22,YES,0
19.6,35.13,0.453,5.927,47.2,7.26,20.3,9.22,YES,6.192,14.1568,None,20,YES,0
18.7,35.13,0.453,5.741,66.2,7.33,20.3,13.15,NO,7.974,11.1496,River,30,YES,0
16,35.13,0.453,5.966,93.4,6.84,20.3,14.44,NO,6.22,15.128,River,48,YES,1
22.2,35.13,0.453,6.456,67.8,7.55,20.3,6.73,YES,5.844,10.1776,None,56,YES,0
25,35.13,0.453,6.762,43.4,8.23,20.3,9.5,YES,5.9,13.2,Lake and River,28,YES,0
33,31.38,0.4161,7.104,59.5,9.44,21.4,8.05,YES,8.26,10.264,Lake and River,30,YES,0
23.5,33.37,0.398,6.29,17.8,6.62,23.9,4.67,NO,9.47,12.188,River,20,YES,1
19.4,33.37,0.398,5.787,31.1,6.7,23.9,10.24,NO,8.988,11.1552,Lake and River,44,YES,0
22,36.07,0.409,5.878,21.4,6.64,21.1,8.1,YES,7.14,13.176,River,29,YES,0
17.4,36.07,0.409,5.594,36.8,6.51,21.1,13.09,NO,8.848,15.1392,River,40,YES,1
20.9,36.07,0.409,5.885,33,6.55,21.1,8.79,NO,8.318,11.1672,Lake,56,YES,0
24.2,40.81,0.413,6.417,6.6,5.52,20.8,6.72,YES,9.784,14.1936,River,38,YES,1
21.7,40.81,0.413,5.961,17.5,5.44,20.8,9.88,NO,10.034,13.1736,Lake and River,46,YES,0
22.8,40.81,0.413,6.065,7.8,5.46,20.8,5.52,NO,5.856,10.1824,River,20,YES,0
23.4,40.81,0.413,6.245,6.2,5.36,20.8,7.54,YES,5.968,12.1872,Lake,45,YES,0
24.1,42.83,0.437,6.273,6,4.54,21.3,6.78,NO,7.882,10.1928,River,40,YES,0
21.4,42.83,0.437,6.286,45,4.83,21.3,8.94,NO,6.028,10.1712,None,28,YES,1
20,42.83,0.437,6.279,74.5,4.33,21.3,11.97,NO,7.3,12.16,None,22,YES,0
20.8,42.83,0.437,6.14,45.8,4.32,21.3,10.27,YES,5.916,11.1664,River,57,YES,0
21.2,42.83,0.437,6.232,53.7,5.34,21.3,12.34,YES,8.824,15.1696,Lake,53,YES,1
20.3,42.83,0.437,5.874,36.6,4.53,21.3,9.1,NO,6.406,15.1624,Lake and River,37,YES,1
28,34.86,0.426,6.727,33.5,5.5,21,5.29,YES,6.46,14.224,Lake,54,YES,1
23.9,34.86,0.426,6.619,70.4,5.71,21,7.22,YES,5.578,12.1912,Lake,49,YES,0
24.8,34.86,0.426,6.302,32.2,5.53,21,6.72,NO,6.096,10.1984,River,20,YES,0
22.9,34.86,0.426,6.167,46.7,5.52,21,7.51,YES,7.558,10.1832,Lake,34,YES,1
23.9,34.49,0.449,6.389,48,4.97,21.5,9.62,NO,6.678,14.1912,Lake,23,YES,0
26.6,34.49,0.449,6.63,56.1,4.75,21.5,6.53,NO,9.732,12.2128,River,56,YES,1
22.5,34.49,0.449,6.015,45.1,4.62,21.5,12.86,YES,5.95,11.18,River,50,YES,1
22.2,34.49,0.449,6.121,56.8,3.93,21.5,8.44,YES,7.244,12.1776,None,43,YES,0
23.6,33.41,0.489,7.007,86.3,3.5,22.2,5.5,NO,6.972,10.1888,River,28,YES,1
28.7,33.41,0.489,7.079,63.1,3.66,22.2,5.7,YES,7.574,15.2296,None,31,YES,1
22.6,33.41,0.489,6.417,66.1,3.14,22.2,8.81,YES,7.352,15.1808,Lake,58,YES,0
22,33.41,0.489,6.405,73.9,3.16,22.2,8.2,NO,8.24,13.176,River,23,YES,1
22.9,45.04,0.464,6.442,53.6,3.96,21.8,8.16,NO,9.158,14.1832,Lake,60,YES,1
25,45.04,0.464,6.211,28.9,3.92,21.8,6.21,NO,10.3,14.2,Lake and River,46,YES,1
20.6,45.04,0.464,6.249,77.3,3.81,21.8,10.59,NO,5.712,13.1648,Lake and River,54,YES,1
28.4,32.89,0.445,6.625,57.8,3.57,22,6.65,NO,9.968,14.2272,River,46,YES,1
21.4,32.89,0.445,6.163,69.6,3.58,22,11.34,NO,10.228,12.1712,River,21,YES,1
38.7,32.89,0.445,8.069,76,3.7,22,4.21,YES,6.274,12.3096,River,53,YES,1
43.8,32.89,0.445,7.82,36.9,3.54,22,3.57,YES,10.876,10.3504,Lake and River,25,YES,0
33.2,32.89,0.445,7.416,62.5,3.83,22,6.19,NO,6.564,13.2656,River,31,YES,1
27.5,38.56,0.52,6.727,79.9,3.1,19.1,9.42,YES,9.65,15.22,Lake,24,YES,0
26.5,38.56,0.52,6.781,71.3,3.15,19.1,7.67,YES,7.23,10.212,River,58,YES,1
18.6,38.56,0.52,6.405,85.4,3.03,19.1,10.63,NO,6.772,13.1488,Lake and River,57,YES,1
19.3,38.56,0.52,6.137,87.4,2.97,19.1,13.44,YES,6.886,14.1544,None,36,YES,1
20.1,38.56,0.52,6.167,90,2.63,19.1,12.33,YES,7.102,10.1608,None,20,YES,1
19.5,38.56,0.52,5.851,96.7,2.19,19.1,16.47,YES,7.89,13.156,None,57,YES,1
19.5,38.56,0.52,5.836,91.9,2.37,19.1,18.66,YES,10.29,14.156,Lake,20,YES,0
20.4,38.56,0.52,6.127,85.2,2.35,19.1,14.09,YES,6.008,14.1632,Lake and River,57,YES,0
19.8,38.56,0.52,6.474,97.1,2.72,19.1,12.27,NO,8.596,10.1584,Lake and River,48,YES,0
19.4,38.56,0.52,6.229,91.2,2.57,19.1,15.55,YES,9.788,14.1552,None,41,YES,0
21.7,38.56,0.52,6.195,54.4,3.05,19.1,13,YES,6.934,10.1736,None,37,YES,0
22.8,40.01,0.547,6.715,81.6,2.81,22.2,10.16,YES,5.656,13.1824,River,34,YES,1
18.8,40.01,0.547,5.913,92.9,2.55,22.2,16.21,YES,,15.1504,River,35,YES,0
18.7,40.01,0.547,6.092,95.4,2.59,22.2,17.09,YES,10.074,10.1496,River,59,YES,0
18.5,40.01,0.547,6.254,84.2,2.54,22.2,10.45,NO,6.67,12.148,Lake and River,39,YES,1
18.3,40.01,0.547,5.928,88.2,2.56,22.2,15.76,NO,7.566,11.1464,None,24,YES,1
21.2,40.01,0.547,6.176,72.5,2.93,22.2,12.04,NO,6.524,13.1696,None,23,YES,1
19.2,40.01,0.547,6.021,82.6,2.77,22.2,10.3,NO,9.484,15.1536,Lake and River,28,YES,1
20.4,40.01,0.547,5.872,73.1,2.8,22.2,15.37,YES,8.008,14.1632,River,40,YES,0
19.3,40.01,0.547,5.731,65.2,2.96,22.2,13.61,YES,10.186,11.1544,River,20,YES,1
22,55.65,0.581,5.87,69.7,2.4,20.9,14.37,YES,7.84,10.176,River,23,YES,1
20.3,55.65,0.581,6.004,84.1,2.44,20.9,14.27,YES,9.706,10.1624,Lake and River,39,YES,1
20.5,55.65,0.581,5.961,92.9,2.34,20.9,17.93,YES,8.91,10.164,None,51,YES,1
17.3,55.65,0.581,5.856,97,2.22,20.9,25.41,YES,9.146,10.1384,Lake,51,YES,0
18.8,55.65,0.581,5.879,95.8,2.21,20.9,17.58,NO,6.276,13.1504,River,56,YES,0
21.4,55.65,0.581,5.986,88.4,2.13,20.9,14.81,YES,8.128,14.1712,Lake,22,YES,0
15.7,55.65,0.581,5.613,95.6,1.93,20.9,27.26,NO,7.714,10.1256,Lake,42,YES,0
16.2,51.89,0.624,5.693,96,2.09,18.8,17.19,YES,5.924,15.1296,None,31,YES,0
18,51.89,0.624,6.431,98.8,1.96,18.8,15.39,NO,8.16,14.144,None,41,YES,0
14.3,51.89,0.624,5.637,94.7,2.3,18.8,18.34,YES,7.886,10.1144,Lake,30,YES,0
19.2,51.89,0.624,6.458,98.9,2.37,18.8,12.6,YES,8.984,13.1536,None,25,YES,0
19.6,51.89,0.624,6.326,97.7,2.54,18.8,12.26,YES,7.592,12.1568,None,29,YES,0
23,51.89,0.624,6.372,97.9,2.41,18.8,11.12,YES,8.96,12.184,Lake and River,57,YES,1
18.4,51.89,0.624,5.822,95.4,2.73,18.8,15.03,YES,10.268,10.1472,Lake and River,58,YES,1
15.6,51.89,0.624,5.757,98.4,2.35,18.8,17.31,NO,9.012,11.1248,Lake and River,32,YES,1
18.1,51.89,0.624,6.335,98.2,2.22,18.8,16.96,YES,7.862,11.1448,River,37,YES,1
17.4,51.89,0.624,5.942,93.5,2.26,18.8,16.9,NO,10.148,10.1392,River,37,YES,1
17.1,51.89,0.624,6.454,98.4,2.15,18.8,14.59,YES,6.942,11.1368,None,40,YES,1
13.3,51.89,0.624,5.857,98.2,1.89,18.8,21.32,NO,8.066,14.1064,River,39,YES,1
17.8,51.89,0.624,6.151,97.9,1.91,18.8,18.46,YES,8.656,10.1424,Lake,29,YES,0
14,51.89,0.624,6.174,93.6,1.86,18.8,24.16,NO,5.68,10.112,Lake,28,YES,0
14.4,51.89,0.624,5.019,100,1.63,18.8,34.41,YES,9.988,12.1152,None,43,YES,0
13.4,49.58,0.871,5.403,100,1.34,25.3,26.82,YES,5.268,13.1072,River,42,YES,0
15.6,49.58,0.871,5.468,100,1.64,25.3,26.42,YES,7.312,13.1248,None,25,YES,0
11.8,49.58,0.871,4.903,97.8,1.48,25.3,29.29,YES,6.636,13.0944,River,52,YES,0
13.8,49.58,0.871,6.13,100,1.69,25.3,27.8,YES,7.776,10.1104,River,59,YES,1
15.6,49.58,0.871,5.628,100,1.82,25.3,16.65,YES,5.612,10.1248,River,32,YES,1
14.6,49.58,0.871,4.926,95.7,1.77,25.3,29.53,NO,6.892,11.1168,None,24,YES,0
17.8,49.58,0.871,5.186,93.8,1.58,25.3,28.32,NO,9.856,14.1424,Lake,43,YES,0
15.4,49.58,0.871,5.597,94.9,1.76,25.3,21.45,NO,10.108,15.1232,None,48,YES,1
21.5,49.58,0.871,6.122,97.3,1.65,25.3,14.1,NO,5.53,12.172,River,34,YES,0
19.6,49.58,0.871,5.404,100,1.86,25.3,13.28,NO,6.492,11.1568,River,42,YES,0
15.3,49.58,0.871,5.012,88,1.82,25.3,12.12,YES,5.406,10.1224,None,46,YES,0
19.4,49.58,0.871,5.709,98.5,1.78,25.3,15.79,NO,6.088,12.1552,None,58,YES,1
17,49.58,0.871,6.129,96,1.77,25.3,15.12,NO,7.44,15.136,Lake and River,48,YES,1
15.6,49.58,0.871,6.152,82.6,1.88,25.3,15.02,NO,9.912,11.1248,River,37,YES,1
13.1,49.58,0.871,5.272,94,1.99,25.3,16.14,NO,6.362,10.1048,River,60,YES,0
41.3,49.58,0.605,6.943,97.4,1.99,25.3,4.59,YES,8.226,13.3304,None,57,YES,0
24.3,49.58,0.605,6.066,100,1.96,25.3,6.43,NO,8.886,13.1944,River,46,YES,1
23.3,49.58,0.871,6.51,100,1.84,25.3,7.39,YES,7.166,12.1864,Lake,36,YES,1
27,49.58,0.605,6.25,92.6,1.86,25.3,5.5,YES,8.44,12.216,Lake,23,YES,0
50,49.58,0.605,7.489,90.8,2.17,25.3,1.73,YES,10.5,11.4,None,35,YES,0
50,49.58,0.605,7.802,98.2,2.26,25.3,1.92,YES,8.4,12.4,Lake,22,YES,0
50,49.58,0.605,8.375,93.9,2.26,25.3,3.32,YES,8,12.4,River,57,YES,0
22.7,49.58,0.605,5.854,91.8,2.71,25.3,11.64,YES,8.354,15.1816,Lake,56,YES,1
25,49.58,0.605,6.101,93,2.37,25.3,9.81,YES,10,12.2,River,22,YES,1
50,49.58,0.605,7.929,96.2,2.11,25.3,3.7,YES,8.3,15.4,River,37,YES,0
23.8,49.58,0.605,5.877,79.2,2.69,25.3,12.14,YES,10.076,10.1904,Lake,22,YES,1
23.8,49.58,0.605,6.319,96.1,2.29,25.3,11.1,NO,6.676,11.1904,None,23,YES,1
22.3,49.58,0.605,6.402,95.2,2.3,25.3,11.32,NO,5.546,15.1784,Lake and River,22,YES,1
17.4,49.58,0.605,5.875,94.6,2.7,25.3,14.43,NO,7.948,11.1392,Lake,28,YES,1
19.1,49.58,0.605,5.88,97.3,2.62,25.3,12.03,NO,9.782,12.1528,River,54,YES,1
23.1,34.05,0.51,5.572,88.5,2.7,23.4,14.69,NO,9.362,12.1848,River,38,YES,1
23.6,34.05,0.51,6.416,84.1,2.86,23.4,9.04,YES,9.872,10.1888,None,59,YES,1
22.6,34.05,0.51,5.859,68.7,2.84,23.4,9.64,YES,9.752,15.1808,River,35,YES,1
29.4,34.05,0.51,6.546,33.1,3.22,23.4,5.33,YES,6.188,12.2352,None,48,YES,0
23.2,34.05,0.51,6.02,47.2,3.75,23.4,10.11,YES,8.564,15.1856,Lake,49,YES,1
24.6,34.05,0.51,6.315,73.4,3.35,23.4,6.29,YES,7.092,14.1968,Lake,31,YES,1
29.9,34.05,0.51,6.86,74.4,3.19,23.4,6.92,NO,5.898,11.2392,None,28,YES,0
37.2,32.46,0.488,6.98,58.4,3.11,22.2,5.04,NO,9.744,11.2976,Lake,50,YES,0
39.8,32.46,0.488,7.765,83.3,2.98,22.2,7.56,YES,8.496,14.3184,Lake and River,60,YES,0
36.2,32.46,0.488,6.144,62.2,2.69,22.2,9.45,YES,6.624,15.2896,River,59,YES,0
37.9,32.46,0.488,7.155,92.2,2.72,22.2,4.82,YES,9.258,15.3032,River,56,YES,0
32.5,32.46,0.488,6.563,95.6,3.04,22.2,5.68,YES,7.35,14.26,Lake,60,YES,0
26.4,32.46,0.488,5.604,89.8,3.06,22.2,13.98,YES,9.928,10.2112,Lake,27,YES,1
29.6,32.46,0.488,6.153,68.8,3.43,22.2,13.15,YES,8.192,11.2368,Lake,45,YES,1
50,32.46,0.488,7.831,53.6,3.45,22.2,4.45,YES,6,13.4,Lake,35,YES,0
32,33.44,0.437,6.782,41.1,3.81,24.8,6.68,YES,7.84,13.256,River,23,YES,0
29.8,33.44,0.437,6.556,29.1,4.62,24.8,4.56,YES,7.596,10.2384,River,40,YES,1
34.9,33.44,0.437,7.185,38.9,4.83,24.8,5.39,NO,9.298,14.2792,River,20,YES,0
33,33.44,0.437,6.951,21.5,6.54,24.8,5.1,NO,6.16,11.264,None,55,YES,0
30.5,33.44,0.437,6.739,30.8,6.71,24.8,4.69,NO,8.81,11.244,None,40,YES,1
36.4,33.44,0.437,7.178,26.3,6.76,24.8,2.87,YES,10.528,11.2912,Lake,40,YES,1
31.1,32.93,0.401,6.8,9.9,6.46,24.4,5.03,NO,6.822,13.2488,River,24,YES,1
29.1,32.93,0.401,6.604,18.8,6.51,24.4,4.38,NO,9.282,14.2328,River,59,YES,1
50,30.46,0.422,7.875,32,5.81,25.6,2.97,YES,8.2,14.4,River,26,YES,0
33.3,31.52,0.404,7.287,34.1,7.58,27.4,4.08,YES,7.266,15.2664,Lake and River,20,YES,1
30.3,31.52,0.404,7.107,36.6,7.64,27.4,8.61,YES,6.906,14.2424,Lake and River,24,YES,1
34.6,31.52,0.404,7.274,38.3,7.53,27.4,6.62,NO,10.192,14.2768,Lake,43,YES,1
34.9,31.47,0.403,6.975,15.3,7.97,23,4.56,YES,7.998,13.2792,None,24,YES,1
32.9,31.47,0.403,7.135,13.9,7.79,23,4.45,NO,5.958,10.2632,Lake,22,YES,0
24.1,32.03,0.415,6.162,38.4,6.4,25.3,7.43,YES,7.782,12.1928,River,32,YES,0
42.3,32.03,0.415,7.61,15.7,6.35,25.3,3.11,NO,10.546,14.3384,Lake and River,30,YES,0
48.5,32.68,0.4161,7.853,33.2,5.37,25.3,3.81,NO,8.77,11.388,None,22,YES,0
50,32.68,0.4161,8.034,31.9,5.41,25.3,2.88,YES,8.9,15.4,River,51,YES,0
22.6,40.59,0.489,5.891,22.3,4.24,21.4,10.87,YES,7.952,15.1808,River,26,YES,0
24.4,40.59,0.489,6.326,52.5,4.63,21.4,10.97,YES,6.688,11.1952,River,52,YES,1
22.5,40.59,0.489,5.783,72.7,4.64,21.4,18.06,YES,7.95,10.18,None,38,YES,0
24.4,40.59,0.489,6.064,59.1,4.3,21.4,14.66,YES,6.888,14.1952,None,31,YES,0
20,40.59,0.489,5.344,100,3.95,21.4,23.09,NO,7.9,13.16,None,60,YES,0
21.7,40.59,0.489,5.96,92.1,3.91,21.4,17.27,YES,8.034,12.1736,None,36,YES,0
19.3,40.59,0.489,5.404,88.6,3.99,21.4,23.98,NO,5.986,14.1544,River,39,YES,0
22.4,40.59,0.489,5.807,53.8,3.66,21.4,16.03,YES,6.848,13.1792,River,20,YES,0
28.1,40.59,0.489,6.375,32.3,4.11,21.4,9.38,YES,7.562,10.2248,None,3,YES,1
23.7,40.59,0.489,5.412,9.8,3.68,21.4,29.55,YES,5.674,11.1896,None,21,YES,0
25,40.59,0.489,6.182,42.4,4.15,21.4,9.47,YES,,12.2,Lake,30,YES,0
23.3,43.89,0.55,5.888,56,3.44,23.6,13.51,YES,5.466,12.1864,Lake and River,22,YES,1
28.7,43.89,0.55,6.642,85.1,3.52,23.6,9.69,NO,9.274,14.2296,None,23,YES,1
21.5,43.89,0.55,5.951,93.8,2.92,23.6,17.92,YES,8.73,14.172,None,49,YES,0
23,43.89,0.55,6.373,92.4,3.65,23.6,10.5,YES,6.16,13.184,None,21,YES,1
26.7,36.2,0.507,6.951,88.5,3.03,22.6,9.71,NO,8.734,11.2136,River,23,YES,0
21.7,36.2,0.507,6.164,91.3,3.31,22.6,21.46,YES,5.734,14.1736,None,37,YES,0
27.5,36.2,0.507,6.879,77.7,3.41,22.6,9.93,YES,9.45,12.22,Lake and River,50,YES,0
30.1,36.2,0.507,6.618,80.8,3.5,22.6,7.6,YES,9.702,12.2408,River,39,YES,0
44.8,36.2,0.504,8.266,78.3,2.96,22.6,4.14,YES,6.796,12.3584,Lake,47,YES,0
50,36.2,0.504,8.725,83,3.13,22.6,4.63,YES,7.5,13.4,River,20,YES,0
37.6,36.2,0.504,8.04,86.5,3.49,22.6,3.13,YES,5.952,10.3008,Lake and River,54,YES,1
31.6,36.2,0.504,7.163,79.9,3.31,22.6,6.36,NO,6.332,10.2528,River,34,YES,0
46.7,36.2,0.504,7.686,17,3.55,22.6,3.92,YES,10.134,14.3736,Lake,43,YES,0
31.5,36.2,0.504,6.552,21.4,3.56,22.6,3.76,YES,7.33,15.252,None,47,YES,0
24.3,36.2,0.504,5.981,68.1,3.97,22.6,11.65,NO,8.286,10.1944,None,59,YES,1
31.7,36.2,0.504,7.412,76.9,3.88,22.6,5.25,YES,6.734,10.2536,None,26,YES,0
41.7,36.2,0.507,8.337,73.3,4.06,22.6,2.47,YES,6.634,11.3336,River,28,YES,1
48.3,36.2,0.507,8.247,70.4,3.82,22.6,3.95,YES,9.066,11.3864,None,23,YES,0
29,36.2,0.507,6.726,66.5,3.67,22.6,8.05,YES,9.88,13.232,River,32,YES,1
24,36.2,0.507,6.086,61.5,3.91,22.6,10.88,YES,9.18,14.192,None,57,YES,0
25.1,36.2,0.507,6.631,76.5,4.46,22.6,9.54,YES,9.402,15.2008,Lake and River,36,YES,0
31.5,36.2,0.507,7.358,71.6,4.24,22.6,4.73,YES,10.53,12.252,River,34,YES,1
23.7,34.93,0.428,6.481,18.5,6.26,23.4,6.36,YES,7.374,12.1896,Lake and River,48,YES,0
23.3,34.93,0.428,6.606,42.2,6.25,23.4,7.37,NO,5.566,15.1864,Lake and River,51,YES,0
27,34.93,0.428,6.897,54.3,6.49,23.4,11.38,YES,10.24,11.216,None,24,YES,0
20.1,34.93,0.428,6.095,65.1,6.43,23.4,12.4,NO,8.302,13.1608,None,41,YES,1
22.2,34.93,0.428,6.358,52.9,7.11,23.4,11.22,YES,6.044,10.1776,River,42,YES,0
23.7,34.93,0.428,6.393,7.8,7.06,23.4,5.19,YES,7.374,15.1896,River,26,YES,1
17.6,35.86,0.431,5.593,76.5,8.15,20.9,12.5,NO,6.252,12.1408,None,42,YES,0
18.5,35.86,0.431,5.605,70.2,8.28,20.9,18.46,YES,9.27,10.148,None,59,YES,1
24.3,35.86,0.431,6.108,34.9,8.37,20.9,9.16,YES,7.086,11.1944,None,25,YES,0
20.5,35.86,0.431,6.226,79.2,8.17,20.9,10.15,NO,9.81,12.164,River,31,YES,0
24.5,35.86,0.431,6.433,49.1,8.05,20.9,9.52,YES,8.39,15.196,River,43,YES,0
26.2,35.86,0.431,6.718,17.5,8.08,20.9,6.56,YES,9.324,11.2096,None,39,YES,1
24.4,35.86,0.431,6.487,13,7.5,20.9,5.9,YES,6.188,14.1952,River,38,YES,1
24.8,35.86,0.431,6.438,8.9,7.43,20.9,3.59,NO,10.296,12.1984,Lake,50,YES,1
29.6,35.86,0.431,6.957,6.8,9.18,20.9,3.53,NO,8.992,12.2368,Lake and River,57,YES,0
42.8,35.86,0.431,8.259,8.4,9.03,20.9,3.54,NO,10.856,13.3424,River,53,YES,0
21.9,33.64,0.392,6.108,32,9.39,23.6,6.57,NO,6.538,12.1752,River,56,YES,0
20.9,33.64,0.392,5.876,19.1,9.23,23.6,9.25,NO,7.818,15.1672,None,31,YES,0
44,33.75,0.394,7.454,34.2,6.66,24.1,3.11,NO,6.68,13.352,River,38,YES,0
50,33.97,0.647,8.704,86.9,2.09,27,5.12,YES,8.6,11.4,River,54,YES,0
36,33.97,0.647,7.333,100,2.2,27,7.79,YES,8.02,15.288,River,58,YES,1
30.1,33.97,0.647,6.842,100,2.2,27,6.9,YES,7.302,11.2408,River,40,YES,1
33.8,33.97,0.647,7.203,81.8,2.12,27,9.59,YES,,11.2704,Lake,21,YES,1
43.1,33.97,0.647,7.52,89.4,2.4,27,7.26,YES,6.662,11.3448,Lake and River,24,YES,0
48.8,33.97,0.647,8.398,91.5,2.55,27,5.91,YES,10.076,15.3904,River,24,YES,0
31,33.97,0.647,7.327,94.5,2.41,27,11.25,YES,5.72,11.248,None,60,YES,1
36.5,33.97,0.647,7.206,91.6,1.96,27,8.1,YES,8.53,14.292,River,36,YES,0
22.8,33.97,0.647,5.56,62.8,2.1,27,10.45,NO,7.456,13.1824,None,59,YES,0
30.7,33.97,0.647,7.014,84.6,2.22,27,14.79,NO,6.114,10.2456,River,41,YES,0
50,33.97,0.575,8.297,67,2.6,27,7.44,YES,8,15.4,None,42,YES,0
43.5,33.97,0.575,7.47,52.6,3.17,27,3.16,NO,9.07,15.348,Lake,43,YES,1
20.7,36.96,0.464,5.92,61.5,4.22,21.4,13.65,NO,10.414,14.1656,Lake and River,29,YES,1
21.1,36.96,0.464,5.856,42.1,4.66,21.4,13,YES,6.222,15.1688,None,27,YES,0
25.2,36.96,0.464,6.24,16.3,4.56,21.4,6.59,NO,6.604,10.2016,River,25,YES,1
24.4,36.96,0.464,6.538,58.7,4.01,21.4,7.73,YES,8.488,13.1952,River,40,YES,1
35.2,36.96,0.464,7.691,51.8,4.53,21.4,6.58,YES,6.004,10.2816,River,39,YES,0
32.4,36.41,0.447,6.758,32.9,4.2,22.4,3.53,NO,10.648,12.2592,River,30,YES,1
32,36.41,0.447,6.854,42.8,4.28,22.4,2.98,YES,8.84,12.256,River,23,YES,0
33.2,36.41,0.447,7.267,49,4.94,22.4,6.05,NO,8.564,11.2656,Lake,35,YES,0
33.1,36.41,0.447,6.826,27.6,5.14,22.4,4.16,NO,6.262,11.2648,River,21,YES,0
29.1,36.41,0.447,6.482,32.1,4.22,22.4,7.19,YES,6.282,10.2328,River,38,YES,0
35.1,33.33,0.4429,6.812,32.2,4.35,25.1,4.85,NO,9.602,12.2808,Lake,26,YES,1
45.4,33.33,0.4429,7.82,64.5,4.98,25.1,3.76,NO,7.108,10.3632,None,50,YES,0
35.4,33.33,0.4429,6.968,37.2,5.55,25.1,4.59,YES,8.508,14.2832,None,48,YES,0
46,33.33,0.4429,7.645,49.7,5.46,25.1,3.01,YES,8.72,12.368,Lake,25,YES,0
50,31.21,0.401,7.923,24.8,6.15,26.4,3.16,YES,8.7,13.4,Lake,20,YES,0
32.2,32.97,0.4,7.088,20.8,7.44,24.7,7.85,YES,7.844,12.2576,Lake and River,30,YES,0
22,32.25,0.389,6.453,31.9,7.33,24.7,8.23,YES,10.44,14.176,None,55,YES,1
20.1,31.76,0.385,6.23,31.5,9.21,21.8,12.93,YES,8.302,10.1608,None,39,YES,0
23.2,35.32,0.405,6.209,31.3,7.45,23.4,7.14,YES,9.964,14.1856,Lake,60,YES,1
22.3,35.32,0.405,6.315,45.6,7.63,23.4,7.6,NO,5.846,12.1784,River,22,YES,0
24.8,35.32,0.405,6.565,22.9,7.33,23.4,9.51,NO,9.096,14.1984,None,60,YES,1
28.5,34.95,0.411,6.861,27.9,5.22,20.8,3.33,YES,8.07,11.228,River,53,YES,1
37.3,34.95,0.411,7.148,27.7,5.12,20.8,3.56,YES,8.146,10.2984,None,37,YES,0
27.9,34.95,0.411,6.63,23.4,5.25,20.8,4.7,NO,8.458,12.2232,River,37,YES,1
23.9,43.92,0.437,6.127,18.4,5.76,24,8.58,YES,7.278,14.1912,River,46,YES,1
21.7,43.92,0.437,6.009,42.3,5.54,24,10.4,NO,8.834,11.1736,Lake,23,YES,1
28.6,43.92,0.437,6.678,31.1,6.2,24,6.27,YES,6.972,10.2288,River,44,YES,0
27.1,43.92,0.437,6.549,51,6.22,24,7.39,NO,10.442,10.2168,None,26,YES,1
20.3,43.92,0.437,5.79,58,6.56,24,15.84,YES,7.606,11.1624,None,42,YES,0
22.5,32.24,0.4,6.345,20.1,8,25.2,4.97,NO,9.45,13.18,Lake,48,YES,1
29,32.24,0.4,7.041,10,7.84,25.2,4.74,YES,7.98,11.232,Lake,36,YES,1
24.8,32.24,0.4,6.871,47.4,8.09,25.2,6.07,YES,9.096,11.1984,River,29,YES,0
22,36.09,0.433,6.59,40.4,5.63,23.9,9.5,YES,9.94,12.176,River,21,YES,1
26.4,36.09,0.433,6.495,18.4,5.8,23.9,8.67,YES,7.928,11.2112,Lake and River,42,YES,0
33.1,36.09,0.433,6.982,17.7,5.81,23.9,4.86,NO,8.262,14.2648,None,34,YES,0
36.1,32.18,0.472,7.236,41.1,4.1,21.6,6.93,NO,6.922,10.2888,River,55,YES,0
28.4,32.18,0.472,6.616,58.1,3.63,21.6,8.93,NO,6.568,15.2272,None,22,YES,1
33.4,32.18,0.472,7.42,71.9,3.31,21.6,6.47,YES,10.668,12.2672,River,23,YES,1
28.2,32.18,0.472,6.849,70.3,3.28,21.6,7.53,YES,10.464,12.2256,Lake and River,46,YES,1
22.8,39.9,0.544,6.635,82.5,3.57,21.6,4.54,NO,7.156,11.1824,River,31,YES,0
20.3,39.9,0.544,5.972,76.7,3.4,21.6,9.97,YES,10.106,11.1624,None,51,YES,1
16.1,39.9,0.544,4.973,37.8,2.63,21.6,12.64,NO,7.322,11.1288,River,27,YES,1
22.1,39.9,0.544,6.122,52.8,2.89,21.6,5.98,YES,8.242,15.1768,River,46,YES,1
19.4,39.9,0.544,6.023,90.4,3,21.6,11.72,YES,6.288,13.1552,None,26,YES,1
21.6,39.9,0.544,6.266,82.8,3.38,21.6,7.9,YES,8.832,14.1728,None,33,YES,0
23.8,39.9,0.544,6.567,87.3,3.92,21.6,9.28,YES,9.576,13.1904,Lake,56,YES,0
16.2,39.9,0.544,5.705,77.7,4.02,21.6,11.5,NO,6.724,12.1296,River,58,YES,1
17.8,39.9,0.544,5.914,83.2,4.2,21.6,18.33,NO,7.256,12.1424,River,43,YES,0
19.8,39.9,0.544,5.782,71.7,4.13,21.6,15.94,NO,9.796,12.1584,River,50,YES,0
23.1,39.9,0.544,6.382,67.2,3.8,21.6,10.36,NO,5.562,10.1848,None,53,YES,1
21,39.9,0.544,6.113,58.8,4.07,21.6,12.73,NO,10.32,12.168,Lake and River,36,YES,0
23.8,37.38,0.493,6.426,52.3,4.74,20.4,7.2,YES,6.776,13.1904,River,48,YES,1
23.1,37.38,0.493,6.376,54.3,4.85,20.4,6.87,YES,7.762,14.1848,Lake,40,YES,1
20.4,37.38,0.493,6.041,49.9,4.93,20.4,7.7,NO,8.908,13.1632,None,40,YES,1
18.5,37.38,0.493,5.708,74.3,4.91,20.4,11.74,YES,6.57,15.148,None,25,YES,0
25,37.38,0.493,6.415,40.1,5,20.4,6.12,NO,8.6,15.2,River,52,YES,0
24.6,37.38,0.493,6.431,14.7,5.51,20.4,5.08,NO,7.992,15.1968,None,45,YES,0
23,37.38,0.493,6.312,28.9,5.47,20.4,6.15,YES,7.06,12.184,River,36,YES,1
22.2,37.38,0.493,6.083,43.7,5.59,20.4,12.79,NO,9.044,15.1776,None,27,YES,0
19.3,33.24,0.46,5.868,25.8,5.42,23.1,9.97,YES,9.986,10.1544,Lake,35,YES,0
22.6,33.24,0.46,6.333,17.2,5.36,23.1,7.34,NO,5.552,14.1808,None,53,YES,1
19.8,33.24,0.46,6.144,32.2,6.02,23.1,9.09,NO,9.396,11.1584,River,26,YES,1
17.1,36.06,0.4379,5.706,28.4,6.67,23.1,12.43,NO,6.742,14.1368,Lake,21,YES,1
19.4,36.06,0.4379,6.031,23.3,6.95,23.1,7.83,YES,7.488,14.1552,None,22,YES,1
22.2,35.19,0.515,6.316,38.1,6.76,19.8,5.68,NO,9.144,11.1776,None,34,YES,1
20.7,35.19,0.515,6.31,38.5,6.52,19.8,6.75,YES,7.514,15.1656,Lake and River,53,YES,1
21.1,35.19,0.515,6.037,34.5,6.26,19.8,8.01,YES,8.922,14.1688,None,57,YES,1
19.5,35.19,0.515,5.869,46.3,5.5,19.8,9.8,NO,10.09,15.156,River,53,YES,0
18.5,35.19,0.515,5.895,59.6,5.86,19.8,10.56,YES,8.27,12.148,River,21,YES,0
20.6,35.19,0.515,6.059,37.3,4.91,19.8,8.51,YES,8.112,14.1648,River,26,YES,0
19,35.19,0.515,5.985,45.4,4.89,19.8,9.74,NO,6.38,11.152,Lake,28,YES,0
18.7,35.19,0.515,5.968,58.5,5.06,19.8,9.29,YES,6.474,13.1496,None,20,YES,0
32.7,31.52,0.442,7.241,49.3,7.32,24.5,5.49,YES,6.254,13.2616,None,48,YES,0
16.5,31.89,0.518,6.54,59.7,6.46,24.1,8.65,YES,7.33,11.132,River,40,YES,1
23.9,33.78,0.484,6.696,56.4,6.03,22.4,7.18,YES,8.978,15.1912,Lake and River,52,YES,1
31.2,33.78,0.484,6.874,28.1,6.71,22.4,4.61,NO,10.624,11.2496,River,23,YES,1
17.5,34.39,0.442,6.014,48.5,8.24,21.2,10.53,YES,7.15,13.14,Lake,26,YES,1
17.2,34.39,0.442,5.898,52.3,8.07,21.2,12.67,NO,6.044,13.1376,River,46,YES,1
23.1,34.15,0.429,6.516,27.7,8.87,22.1,6.36,YES,8.162,12.1848,Lake,47,YES,0
24.5,32.01,0.435,6.635,29.7,8.62,23,5.99,YES,6.29,13.196,None,45,YES,0
26.6,31.25,0.429,6.939,34.5,8.88,20.3,5.89,YES,5.632,11.2128,None,30,YES,0
22.9,31.25,0.429,6.49,44.4,9,20.3,5.98,NO,7.258,15.1832,River,55,YES,1
24.1,31.69,0.411,6.579,35.9,10.98,21.7,5.49,YES,5.582,10.1928,River,45,YES,0
18.6,31.69,0.411,5.884,18.5,10.83,21.7,7.79,YES,7.372,11.1488,River,50,YES,0
30.1,32.02,0.41,6.728,36.1,12.32,23,4.5,YES,6.102,12.2408,Lake,40,YES,0
18.2,31.91,0.413,5.663,21.9,10.76,18,8.05,NO,8.764,12.1456,None,34,YES,0
20.6,31.91,0.413,5.936,19.5,10.82,18,5.57,NO,9.312,13.1648,River,53,YES,0
17.8,48.1,0.77,6.212,97.4,2.16,19.8,17.6,NO,5.956,14.1424,None,39,YES,1
21.7,48.1,0.77,6.395,91,2.83,19.8,13.27,NO,7.034,13.1736,Lake,56,YES,0
22.7,48.1,0.77,6.127,83.4,2.96,19.8,11.48,NO,6.354,15.1816,Lake and River,42,YES,0
22.6,48.1,0.77,6.112,81.3,2.78,19.8,12.67,NO,,14.1808,Lake,26,YES,0
25,48.1,0.77,6.398,88,2.73,19.8,7.79,NO,8.8,10.2,None,37,YES,1
19.9,48.1,0.77,6.251,91.1,2.58,19.8,14.19,YES,8.898,13.1592,River,56,YES,0
20.8,48.1,0.77,5.362,96.2,2.27,19.8,10.19,NO,8.016,14.1664,Lake,52,YES,0
16.8,48.1,0.77,5.803,89,1.98,19.8,14.64,YES,9.736,15.1344,Lake and River,57,YES,0
21.9,48.1,0.718,8.78,82.9,1.97,19.8,5.29,NO,8.038,12.1752,River,26,YES,1
27.5,48.1,0.718,3.561,87.9,1.63,19.8,7.12,YES,8.05,12.22,River,51,YES,0
21.9,48.1,0.718,4.963,91.4,2.08,19.8,14,NO,10.238,14.1752,Lake,58,YES,0
23.1,48.1,0.631,3.863,100,1.53,19.8,13.33,NO,9.962,11.1848,Lake,24,YES,0
50,48.1,0.631,4.97,100,1.47,19.8,3.26,NO,9.7,13.4,River,41,YES,0
50,48.1,0.631,6.683,96.8,1.55,19.8,3.73,YES,6.7,15.4,River,58,YES,0
50,48.1,0.631,7.016,97.5,1.4,19.8,2.96,YES,10.1,12.4,None,46,YES,0
50,48.1,0.631,6.216,100,1.38,19.8,9.53,YES,9.8,13.4,None,25,YES,0
50,48.1,0.668,5.875,89.6,1.13,19.8,8.88,YES,10.8,12.4,None,57,YES,0
13.8,48.1,0.668,4.906,100,1.48,19.8,34.77,YES,6.876,13.1104,None,56,YES,0
13.8,48.1,0.668,4.138,100,1.46,19.8,37.97,NO,7.076,13.1104,Lake,35,YES,0
15,48.1,0.671,7.313,97.9,1.62,19.8,13.44,NO,8.9,15.12,None,45,YES,1
13.9,48.1,0.671,6.649,93.3,1.65,19.8,23.24,YES,9.478,15.1112,None,26,YES,0
13.3,48.1,0.671,6.794,98.8,1.57,19.8,21.24,YES,6.066,14.1064,None,22,YES,1
13.1,48.1,0.671,6.38,96.2,1.52,19.8,23.69,YES,9.262,14.1048,Lake,54,YES,0
10.2,48.1,0.671,6.223,100,1.48,19.8,21.78,NO,7.904,11.0816,Lake and River,46,YES,1
10.4,48.1,0.671,6.968,91.9,1.66,19.8,17.21,YES,9.408,14.0832,None,21,YES,1
10.9,48.1,0.671,6.545,99.1,1.78,19.8,21.08,NO,8.618,10.0872,Lake and River,60,YES,1
11.3,48.1,0.7,5.536,100,1.9,19.8,23.6,YES,8.226,11.0904,River,46,YES,0
12.3,48.1,0.7,5.52,100,1.71,19.8,24.56,NO,6.746,15.0984,Lake,41,YES,0
8.8,48.1,0.7,4.368,91.2,1.5,19.8,30.63,NO,5.676,14.0704,River,25,YES,0
7.2,48.1,0.7,5.277,98.1,1.46,19.8,30.81,NO,10.144,13.0576,Lake and River,36,YES,0
10.5,48.1,0.7,4.652,100,1.71,19.8,28.28,YES,7.71,15.084,River,34,YES,0
7.4,48.1,0.7,5,89.5,1.79,19.8,31.99,NO,8.348,15.0592,Lake and River,54,YES,0
10.2,48.1,0.7,4.88,100,1.77,19.8,30.62,NO,6.104,10.0816,Lake,25,YES,0
11.5,48.1,0.7,5.39,98.9,2,19.8,20.85,NO,6.03,12.092,Lake and River,51,YES,0
15.1,48.1,0.7,5.713,97,2.2,19.8,17.11,YES,9.702,11.1208,River,20,YES,1
23.2,48.1,0.7,6.051,82.5,2.17,19.8,18.76,YES,9.664,10.1856,River,53,YES,0
9.7,48.1,0.7,5.036,97,1.98,19.8,25.68,NO,5.494,14.0776,None,51,YES,0
13.8,48.1,0.693,6.193,92.6,1.89,19.8,15.17,NO,9.076,14.1104,River,55,YES,0
12.7,48.1,0.693,5.887,94.7,1.99,19.8,16.35,NO,6.754,15.1016,None,40,YES,0
13.1,48.1,0.693,6.471,98.8,2.04,19.8,17.12,NO,5.762,15.1048,Lake and River,29,YES,1
12.5,48.1,0.693,6.405,96,1.77,19.8,19.37,YES,5.45,11.1,River,24,YES,1
8.5,48.1,0.693,5.747,98.9,1.73,19.8,19.92,NO,9.27,14.068,None,22,YES,1
5,48.1,0.693,5.453,100,1.57,19.8,30.59,NO,9.3,13.04,Lake,26,YES,0
6.3,48.1,0.693,5.852,77.8,1.7,19.8,29.97,NO,6.726,14.0504,River,42,YES,1
5.6,48.1,0.693,5.987,100,1.73,19.8,26.77,YES,9.212,11.0448,Lake,30,YES,1
7.2,48.1,0.693,6.343,100,1.76,19.8,20.32,YES,7.344,10.0576,None,50,YES,1
12.1,48.1,0.693,6.404,100,1.66,19.8,20.31,NO,5.442,14.0968,River,42,YES,1
8.3,48.1,0.693,5.349,96,1.75,19.8,19.77,YES,,15.0664,River,40,YES,1
8.5,48.1,0.693,5.531,85.4,1.9,19.8,27.38,NO,8.47,11.068,None,56,YES,1
5,48.1,0.693,5.683,100,1.53,19.8,22.98,YES,7.3,14.04,River,38,YES,1
11.9,48.1,0.659,4.138,100,1.46,19.8,23.34,YES,8.538,14.0952,River,53,YES,1
27.9,48.1,0.659,5.608,100,1.46,19.8,12.13,YES,6.658,13.2232,River,26,YES,0
17.2,48.1,0.597,5.617,97.9,1.53,19.8,26.4,NO,6.444,12.1376,River,25,YES,0
27.5,48.1,0.597,6.852,100,1.52,19.8,19.78,YES,7.65,14.22,Lake,57,YES,0
15,48.1,0.597,5.757,100,1.69,19.8,10.11,NO,9.6,11.12,River,52,YES,1
17.2,48.1,0.597,6.657,100,1.56,19.8,21.22,NO,9.644,14.1376,None,44,YES,0
17.9,48.1,0.597,4.628,100,1.77,19.8,34.37,NO,8.358,15.1432,None,40,YES,0
16.3,48.1,0.597,5.155,100,1.84,19.8,20.08,NO,6.626,14.1304,River,58,YES,0
7,48.1,0.693,4.519,100,1.74,19.8,36.98,YES,6.04,12.056,River,40,YES,0
7.2,48.1,0.679,6.434,100,1.88,19.8,29.05,NO,8.644,11.0576,None,59,YES,0
7.5,48.1,0.679,6.782,90.8,1.9,19.8,25.79,YES,,10.06,River,35,YES,1
10.4,48.1,0.679,5.304,89.1,1.73,19.8,26.64,YES,8.608,15.0832,Lake and River,60,YES,0
8.8,48.1,0.679,5.957,100,1.96,19.8,20.62,NO,8.476,12.0704,None,52,YES,0
8.4,48.1,0.718,6.824,76.5,2.05,19.8,22.74,NO,5.968,13.0672,None,26,YES,1
16.7,48.1,0.718,6.411,100,1.93,19.8,15.02,YES,6.034,13.1336,Lake and River,48,YES,0
14.2,48.1,0.718,6.006,95.3,1.98,19.8,15.7,NO,8.284,10.1136,None,29,YES,1
20.8,48.1,0.614,5.648,87.6,2.13,19.8,14.1,NO,8.916,11.1664,None,36,YES,1
13.4,48.1,0.614,6.103,85.1,2.08,19.8,23.29,NO,8.268,81.12,Lake,29,YES,0
11.7,48.1,0.584,5.565,70.6,2.26,19.8,17.16,NO,7.834,11.0936,None,57,YES,1
8.3,48.1,0.679,5.896,95.4,2.15,19.8,24.39,YES,5.566,15.0664,Lake,51,YES,0
10.2,48.1,0.584,5.837,59.7,2.27,19.8,15.69,NO,9.104,14.0816,None,33,YES,1
10.9,48.1,0.679,6.202,78.7,2.07,19.8,14.52,NO,7.518,11.0872,Lake,42,YES,1
11,48.1,0.679,6.193,78.1,2.12,19.8,21.52,YES,8.52,12.088,River,45,YES,1
9.5,48.1,0.679,6.38,95.6,1.98,19.8,24.08,YES,8.79,12.076,None,52,YES,0
14.5,48.1,0.584,6.348,86.1,2.28,19.8,17.64,NO,9.09,11.116,River,53,YES,1
14.1,48.1,0.584,6.833,94.3,2.1,19.8,19.69,YES,6.682,14.1128,Lake,29,YES,1
16.1,48.1,0.584,6.425,74.8,2.4,19.8,12.03,YES,8.722,10.1288,None,42,YES,1
14.3,48.1,0.713,6.436,87.9,2.34,19.8,16.22,NO,6.186,10.1144,Lake and River,46,YES,0
11.7,48.1,0.713,6.208,95,2.44,19.8,15.17,NO,7.834,11.0936,None,37,YES,1
13.4,48.1,0.74,6.629,94.6,2.15,19.8,23.27,NO,10.168,12.1072,Lake and River,46,YES,0
9.6,48.1,0.74,6.461,93.3,2.32,19.8,18.05,YES,6.092,10.0768,River,57,YES,0
8.2,48.1,0.74,6.152,100,2.01,19.8,26.45,NO,9.864,11.0656,None,60,YES,1
8.4,48.1,0.74,5.935,87.9,1.85,19.8,34.02,YES,9.568,14.0672,None,57,YES,0
12.8,48.1,0.74,5.627,93.9,1.87,19.8,22.88,YES,8.456,15.1024,None,50,YES,0
10.5,48.1,0.74,5.818,92.4,2.03,19.8,22.11,NO,7.41,12.084,None,38,YES,1
17.1,48.1,0.74,6.406,97.2,2.33,19.8,19.52,YES,9.242,15.1368,Lake and River,58,YES,0
14.8,48.1,0.74,6.219,100,2.08,19.8,16.59,NO,7.096,14.1184,River,54,YES,0
15.4,48.1,0.74,6.485,100,2.29,19.8,18.85,NO,6.608,14.1232,River,21,YES,1
10.8,48.1,0.74,5.854,96.6,1.93,19.8,23.79,NO,5.516,12.0864,Lake and River,34,YES,0
11.8,48.1,0.74,6.459,94.8,2.2,19.8,23.98,YES,5.336,12.0944,River,28,YES,1
14.9,48.1,0.74,6.341,96.4,2.23,19.8,17.79,NO,10.198,15.1192,None,41,YES,0
12.6,48.1,0.74,6.251,96.6,2.51,19.8,16.44,YES,9.752,11.1008,None,37,YES,1
14.1,48.1,0.713,6.185,98.7,2.43,19.8,18.13,YES,9.082,13.1128,None,52,YES,0
13,48.1,0.713,6.417,98.3,2.5,19.8,19.31,YES,8.06,12.104,None,27,YES,0
13.4,48.1,0.713,6.749,92.6,2.4,19.8,17.44,YES,9.068,13.1072,Lake,59,YES,1
15.2,48.1,0.713,6.655,98.2,2.51,19.8,17.73,YES,8.104,11.1216,None,41,YES,0
16.1,48.1,0.713,6.297,91.8,2.48,19.8,17.27,NO,6.722,15.1288,None,21,YES,1
17.8,48.1,0.713,7.393,99.3,2.77,19.8,16.74,YES,5.956,11.1424,River,42,YES,1
14.4,48.1,0.713,6.728,94.1,2.5,19.8,18.71,NO,5.888,14.1152,River,34,YES,1
14.1,48.1,0.713,6.525,86.5,2.61,19.8,18.13,NO,7.782,14.1128,River,36,YES,0
12.7,48.1,0.713,5.976,87.9,2.65,19.8,19.01,NO,7.154,15.1016,River,31,YES,0
13.5,48.1,0.713,5.936,80.3,2.86,19.8,16.94,NO,8.87,13.108,None,46,YES,1
14.9,48.1,0.713,6.301,83.7,3.1,19.8,16.23,NO,5.598,15.1192,River,39,YES,1
20,48.1,0.713,6.081,84.4,2.74,19.8,14.7,YES,5.4,14.16,Lake,27,YES,0
16.4,48.1,0.713,6.701,90,2.9,19.8,16.42,YES,9.428,12.1312,River,29,YES,1
17.7,48.1,0.713,6.376,88.4,2.82,19.8,14.65,YES,9.854,13.1416,None,24,YES,1
19.5,48.1,0.713,6.317,83,3.04,19.8,13.99,NO,5.89,15.156,River,22,YES,0
20.2,48.1,0.713,6.513,89.9,3.06,19.8,10.29,YES,8.804,15.1616,None,30,YES,0
21.4,48.1,0.655,6.209,65.4,3.16,19.8,13.22,NO,7.828,11.1712,Lake and River,55,YES,1
19.9,48.1,0.655,5.759,48.2,3.26,19.8,14.13,NO,9.998,12.1592,None,43,YES,0
19,48.1,0.655,5.952,84.7,3.13,19.8,17.15,YES,8.38,10.152,None,21,YES,1
19.1,48.1,0.584,6.003,94.5,2.64,19.8,21.32,NO,9.482,13.1528,Lake and River,21,YES,0
19.1,48.1,0.58,5.926,71,2.96,19.8,18.13,NO,5.882,15.1528,None,28,YES,0
20.1,48.1,0.58,5.713,56.7,3.02,19.8,14.76,NO,6.302,13.1608,None,27,YES,1
19.9,48.1,0.58,6.167,84,3.22,19.8,16.29,NO,5.598,12.1592,River,36,YES,1
19.6,48.1,0.532,6.229,90.7,3.28,19.8,12.87,YES,8.692,13.1568,Lake and River,52,YES,0
23.2,48.1,0.58,6.437,75,3.04,19.8,14.36,YES,8.464,15.1856,Lake and River,39,YES,0
29.8,48.1,0.614,6.98,67.6,2.77,19.8,11.66,YES,7.396,15.2384,Lake and River,56,YES,0
13.8,48.1,0.584,5.427,95.4,2.61,19.8,18.14,NO,9.076,11.1104,Lake and River,47,YES,0
13.3,48.1,0.584,6.162,97.4,2.5,19.8,24.1,YES,9.066,11.1064,Lake,27,YES,0
16.7,48.1,0.614,6.484,93.6,2.58,19.8,18.68,YES,6.134,14.1336,River,22,YES,1
12,48.1,0.614,5.304,97.3,2.28,19.8,24.91,NO,9.34,15.096,Lake,39,YES,0
14.6,48.1,0.614,6.185,96.7,2.29,19.8,18.03,YES,5.292,15.1168,Lake,60,YES,0
21.4,48.1,0.614,6.229,88,2.27,19.8,13.11,NO,6.128,10.1712,River,32,YES,1
23,48.1,0.532,6.242,64.7,3.48,19.8,10.74,NO,8.56,13.184,River,22,YES,0
23.7,48.1,0.532,6.75,74.9,3.44,19.8,7.74,NO,6.974,15.1896,None,46,YES,1
25,48.1,0.532,7.061,77,3.67,19.8,7.01,NO,5.5,11.2,Lake,29,YES,0
21.8,48.1,0.532,5.762,40.3,4.41,19.8,10.42,NO,9.636,14.1744,Lake and River,57,YES,1
20.6,48.1,0.583,5.871,41.9,3.93,19.8,13.34,YES,8.112,12.1648,Lake,31,YES,0
21.2,48.1,0.583,6.312,51.9,4.03,19.8,10.58,NO,9.024,13.1696,Lake and River,51,YES,0
19.1,48.1,0.583,6.114,79.8,3.55,19.8,14.98,YES,8.582,12.1528,None,57,YES,0
20.6,48.1,0.583,5.905,53.2,3.36,19.8,11.45,NO,8.412,11.1648,None,44,YES,1
15.2,57.74,0.609,5.454,92.7,2.1,19.9,18.06,NO,6.004,14.1216,None,28,YES,0
7,57.74,0.609,5.414,98.3,2.08,19.9,23.97,NO,9.84,15.056,None,29,YES,1
8.1,57.74,0.609,5.093,98,1.97,19.9,29.68,YES,9.162,10.0648,Lake and River,49,YES,1
13.6,57.74,0.609,5.983,98.8,1.96,19.9,18.07,NO,7.072,14.1088,None,47,YES,1
20.1,57.74,0.609,5.983,83.5,2.25,19.9,13.35,YES,8.902,13.1608,River,57,YES,1
21.8,39.69,0.585,5.707,54,2.7,20.8,12.01,YES,5.936,14.1744,River,31,YES,1
24.5,39.69,0.585,5.926,42.6,2.55,20.8,13.59,YES,8.79,11.196,River,47,YES,1
23.1,39.69,0.585,5.67,28.8,3.08,20.8,17.6,NO,8.462,14.1848,Lake and River,55,YES,0
19.7,39.69,0.585,5.39,72.9,2.86,20.8,21.14,NO,,12.1576,River,44,YES,0
18.3,39.69,0.585,5.794,70.6,3.04,20.8,14.1,YES,5.366,14.1464,Lake,55,YES,0
21.2,39.69,0.585,6.019,65.3,2.68,20.8,12.92,YES,5.824,14.1696,River,32,YES,0
17.5,39.69,0.585,5.569,73.5,2.46,20.8,15.1,NO,9.85,14.14,Lake,47,YES,1
16.8,39.69,0.585,6.027,79.7,2.64,20.8,14.33,NO,6.236,14.1344,Lake,54,YES,0
22.4,41.93,0.573,6.593,69.1,2.64,19,9.67,NO,9.348,12.1792,Lake and River,27,YES,1
20.6,41.93,0.573,6.12,76.7,2.44,19,9.08,YES,6.612,13.1648,Lake and River,20,YES,1
23.9,41.93,0.573,6.976,91,2.34,19,5.64,NO,5.478,12.1912,None,31,YES,1
22,41.93,0.573,6.794,89.3,2.54,19,6.48,YES,7.94,15.176,None,47,YES,1
19,41.93,0.573,6.03,80.8,2.72,19,7.88,YES,10.28,10.152,None,45,YES,1
